long,lat,id_arbol,altura_tot,diametro,inclinacio,id_especie,nombre_com,nombre_cie,tipo_folla,espacio_ve,ubicacion,nombre_fam,nombre_gen,origen,coord_x,coord_y
-58.4775636069,-34.6450145297,1,6,35,0,53,Washingtonia (Palmera washingtonia),Washingtonia filifera,Palmera,"AVELLANEDA, NICOLÁS, Pres.","DIRECTORIO, AV. - LACARRA, AV. - MONTE -  AUTOPISTA PERITO MORENO (AU 6) - AMEGHINO, FLORENTINO, DR.",Arecaceas,Washingtonia,Exótico,98692.305719,98253.300738
-58.4775587043,-34.6450467116,2,6,35,0,53,Washingtonia (Palmera washingtonia),Washingtonia filifera,Palmera,"AVELLANEDA, NICOLÁS, Pres.","DIRECTORIO, AV. - LACARRA, AV. - MONTE -  AUTOPISTA PERITO MORENO (AU 6) - AMEGHINO, FLORENTINO, DR.",Arecaceas,Washingtonia,Exótico,98692.751564,98249.733979
-58.4775506407,-34.6450909731,3,6,35,0,53,Washingtonia (Palmera washingtonia),Washingtonia filifera,Palmera,"AVELLANEDA, NICOLÁS, Pres.","DIRECTORIO, AV. - LACARRA, AV. - MONTE -  AUTOPISTA PERITO MORENO (AU 6) - AMEGHINO, FLORENTINO, DR.",Arecaceas,Washingtonia,Exótico,98693.494639,98244.829684
-58.4781292923,-34.6445670766,4,17,50,0,65,Ombú,Phytolacca dioica,Árbol Latifoliado Caducifolio,"AVELLANEDA, NICOLÁS, Pres.","DIRECTORIO, AV. - LACARRA, AV. - MONTE -  AUTOPISTA PERITO MORENO (AU 6) - AMEGHINO, FLORENTINO, DR.",Fitolacáceas,Phytolacca,Nativo/Autóctono,98640.439091,98302.938142
-58.4781211175,-34.6445979068,5,17,50,0,65,Ombú,Phytolacca dioica,Árbol Latifoliado Caducifolio,"AVELLANEDA, NICOLÁS, Pres.","DIRECTORIO, AV. - LACARRA, AV. - MONTE -  AUTOPISTA PERITO MORENO (AU 6) - AMEGHINO, FLORENTINO, DR.",Fitolacáceas,Phytolacca,Nativo/Autóctono,98641.182166,98299.519997
-58.4781033464,-34.6446407272,6,17,50,0,65,Ombú,Phytolacca dioica,Árbol Latifoliado Caducifolio,"AVELLANEDA, NICOLÁS, Pres.","DIRECTORIO, AV. - LACARRA, AV. - MONTE -  AUTOPISTA PERITO MORENO (AU 6) - AMEGHINO, FLORENTINO, DR.",Fitolacáceas,Phytolacca,Nativo/Autóctono,98642.81693,98294.764318
-58.4780951726,-34.6446768759,7,17,50,0,65,Ombú,Phytolacca dioica,Árbol Latifoliado Caducifolio,"AVELLANEDA, NICOLÁS, Pres.","DIRECTORIO, AV. - LACARRA, AV. - MONTE -  AUTOPISTA PERITO MORENO (AU 6) - AMEGHINO, FLORENTINO, DR.",Fitolacáceas,Phytolacca,Nativo/Autóctono,98643.560005,98290.751713
-58.4781648856,-34.6441691781,8,26,40,0,42,Catalpa,Catalpa bignonioides,Árbol Latifoliado Caducifolio,"AVELLANEDA, NICOLÁS, Pres.","DIRECTORIO, AV. - LACARRA, AV. - MONTE -  AUTOPISTA PERITO MORENO (AU 6) - AMEGHINO, FLORENTINO, DR.",Bignoniáceas,Catalpa,Exótico,98637.169561,98347.076791
-58.4781437294,-34.6441906349,9,26,40,0,42,Catalpa,Catalpa bignonioides,Árbol Latifoliado Caducifolio,"AVELLANEDA, NICOLÁS, Pres.","DIRECTORIO, AV. - LACARRA, AV. - MONTE -  AUTOPISTA PERITO MORENO (AU 6) - AMEGHINO, FLORENTINO, DR.",Bignoniáceas,Catalpa,Exótico,98639.101556,98344.698952
-58.4781032605,-34.6441758565,10,26,40,0,42,Catalpa,Catalpa bignonioides,Árbol Latifoliado Caducifolio,"AVELLANEDA, NICOLÁS, Pres.","DIRECTORIO, AV. - LACARRA, AV. - MONTE -  AUTOPISTA PERITO MORENO (AU 6) - AMEGHINO, FLORENTINO, DR.",Bignoniáceas,Catalpa,Exótico,98642.81693,98346.333716
-58.4556246787,-34.684154119,11,10,35,0,31,Ceibo,Erythrina crista-galli,Árbol Latifoliado Caducifolio,DE LAS VICTORIAS,"LARRAZABAL, AV. - FERNANDEZ DE LA CRUZ, FRANCISCO, GRAL., AV. - ROCA, CNEL., AV.",Leguminosas,Erythrina,Nativo/Autóctono,100703.371379,93911.454569
-58.4556098523,-34.6839818548,12,10,35,0,31,Ceibo,Erythrina crista-galli,Árbol Latifoliado Caducifolio,DE LAS VICTORIAS,"LARRAZABAL, AV. - FERNANDEZ DE LA CRUZ, FRANCISCO, GRAL., AV. - ROCA, CNEL., AV.",Leguminosas,Erythrina,Nativo/Autóctono,100704.736154,93930.561413
-58.4554199499,-34.6842586729,13,10,35,0,31,Ceibo,Erythrina crista-galli,Árbol Latifoliado Caducifolio,DE LAS VICTORIAS,"LARRAZABAL, AV. - FERNANDEZ DE LA CRUZ, FRANCISCO, GRAL., AV. - ROCA, CNEL., AV.",Leguminosas,Erythrina,Nativo/Autóctono,100722.137029,93899.853986
-58.4553343009,-34.6840926243,14,10,35,0,31,Ceibo,Erythrina crista-galli,Árbol Latifoliado Caducifolio,DE LAS VICTORIAS,"LARRAZABAL, AV. - FERNANDEZ DE LA CRUZ, FRANCISCO, GRAL., AV. - ROCA, CNEL., AV.",Leguminosas,Erythrina,Nativo/Autóctono,100729.984482,93918.278442
-58.4548409797,-34.6837203927,15,5,12,0,58,"Brachichiton (Árbol botella, Brachichito)",Brachychiton populneus,Árbol Latifoliado Perenne,DE LAS VICTORIAS,"LARRAZABAL, AV. - FERNANDEZ DE LA CRUZ, FRANCISCO, GRAL., AV. - ROCA, CNEL., AV.",Esterculiáceas,Brachychiton,Exótico,100775.192639,93959.562871
-58.454729356,-34.6836035601,16,5,12,0,58,"Brachichiton (Árbol botella, Brachichito)",Brachychiton populneus,Árbol Latifoliado Perenne,DE LAS VICTORIAS,"LARRAZABAL, AV. - FERNANDEZ DE LA CRUZ, FRANCISCO, GRAL., AV. - ROCA, CNEL., AV.",Esterculiáceas,Brachychiton,Exótico,100785.428448,93972.528229
-58.454625041,-34.6835173765,17,5,12,0,58,"Brachichiton (Árbol botella, Brachichito)",Brachychiton populneus,Árbol Latifoliado Perenne,DE LAS VICTORIAS,"LARRAZABAL, AV. - FERNANDEZ DE LA CRUZ, FRANCISCO, GRAL., AV. - ROCA, CNEL., AV.",Esterculiáceas,Brachychiton,Exótico,100794.981869,93982.081651
-58.4544873356,-34.6834158662,18,5,12,0,58,"Brachichiton (Árbol botella, Brachichito)",Brachychiton populneus,Árbol Latifoliado Perenne,DE LAS VICTORIAS,"LARRAZABAL, AV. - FERNANDEZ DE LA CRUZ, FRANCISCO, GRAL., AV. - ROCA, CNEL., AV.",Esterculiáceas,Brachychiton,Exótico,100807.606034,93993.341041
-58.4543533407,-34.683314356,19,5,12,0,58,"Brachichiton (Árbol botella, Brachichito)",Brachychiton populneus,Árbol Latifoliado Perenne,DE LAS VICTORIAS,"LARRAZABAL, AV. - FERNANDEZ DE LA CRUZ, FRANCISCO, GRAL., AV. - ROCA, CNEL., AV.",Esterculiáceas,Brachychiton,Exótico,100819.889004,94004.600431
-58.4542490271,-34.6832221324,20,5,12,0,58,"Brachichiton (Árbol botella, Brachichito)",Brachychiton populneus,Árbol Latifoliado Perenne,DE LAS VICTORIAS,"LARRAZABAL, AV. - FERNANDEZ DE LA CRUZ, FRANCISCO, GRAL., AV. - ROCA, CNEL., AV.",Esterculiáceas,Brachychiton,Exótico,100829.442426,94014.83624
-58.4541336937,-34.6831144935,21,5,12,0,58,"Brachichiton (Árbol botella, Brachichito)",Brachychiton populneus,Árbol Latifoliado Perenne,DE LAS VICTORIAS,"LARRAZABAL, AV. - FERNANDEZ DE LA CRUZ, FRANCISCO, GRAL., AV. - ROCA, CNEL., AV.",Esterculiáceas,Brachychiton,Exótico,100840.019429,94026.778017
-58.4540480405,-34.6830252458,22,5,12,0,58,"Brachichiton (Árbol botella, Brachichito)",Brachychiton populneus,Árbol Latifoliado Perenne,DE LAS VICTORIAS,"LARRAZABAL, AV. - FERNANDEZ DE LA CRUZ, FRANCISCO, GRAL., AV. - ROCA, CNEL., AV.",Esterculiáceas,Brachychiton,Exótico,100847.866882,94036.672632
-58.4539512591,-34.6829145432,23,5,12,0,58,"Brachichiton (Árbol botella, Brachichito)",Brachychiton populneus,Árbol Latifoliado Perenne,DE LAS VICTORIAS,"LARRAZABAL, AV. - FERNANDEZ DE LA CRUZ, FRANCISCO, GRAL., AV. - ROCA, CNEL., AV.",Esterculiáceas,Brachychiton,Exótico,100856.737917,94048.955603
-58.4538209756,-34.6828160976,24,5,12,0,58,"Brachichiton (Árbol botella, Brachichito)",Brachychiton populneus,Árbol Latifoliado Perenne,DE LAS VICTORIAS,"LARRAZABAL, AV. - FERNANDEZ DE LA CRUZ, FRANCISCO, GRAL., AV. - ROCA, CNEL., AV.",Esterculiáceas,Brachychiton,Exótico,100868.679694,94059.873799
-58.4614134955,-34.6820967118,25,22,40,0,14,Álamo plateado,Populus alba,Árbol Latifoliado Caducifolio,DE LAS VICTORIAS,"LARRAZABAL, AV. - FERNANDEZ DE LA CRUZ, FRANCISCO, GRAL., AV. - ROCA, CNEL., AV.",Salicáceas,Populus,Exótico,100172.90058,94139.713109
-58.4612236212,-34.6821243836,26,22,40,0,14,Álamo plateado,Populus alba,Árbol Latifoliado Caducifolio,DE LAS VICTORIAS,"LARRAZABAL, AV. - FERNANDEZ DE LA CRUZ, FRANCISCO, GRAL., AV. - ROCA, CNEL., AV.",Salicáceas,Populus,Exótico,100190.301456,94136.642366
-58.4610859075,-34.6821551206,27,22,40,0,14,Álamo plateado,Populus alba,Árbol Latifoliado Caducifolio,DE LAS VICTORIAS,"LARRAZABAL, AV. - FERNANDEZ DE LA CRUZ, FRANCISCO, GRAL., AV. - ROCA, CNEL., AV.",Salicáceas,Populus,Exótico,100202.92562,94133.23043
-58.4610189048,-34.682215155,28,22,40,0,14,Álamo plateado,Populus alba,Árbol Latifoliado Caducifolio,DE LAS VICTORIAS,"LARRAZABAL, AV. - FERNANDEZ DE LA CRUZ, FRANCISCO, GRAL., AV. - ROCA, CNEL., AV.",Salicáceas,Populus,Exótico,100209.067105,94126.577154
-58.4608736605,-34.6822859153,29,22,40,0,14,Álamo plateado,Populus alba,Árbol Latifoliado Caducifolio,DE LAS VICTORIAS,"LARRAZABAL, AV. - FERNANDEZ DE LA CRUZ, FRANCISCO, GRAL., AV. - ROCA, CNEL., AV.",Salicáceas,Populus,Exótico,100222.373657,94118.729701
-58.4607861406,-34.6824196863,30,22,40,0,14,Álamo plateado,Populus alba,Árbol Latifoliado Caducifolio,DE LAS VICTORIAS,"LARRAZABAL, AV. - FERNANDEZ DE LA CRUZ, FRANCISCO, GRAL., AV. - ROCA, CNEL., AV.",Salicáceas,Populus,Exótico,100230.391707,94103.887778
-58.4607638813,-34.682339729,31,22,40,0,14,Álamo plateado,Populus alba,Árbol Latifoliado Caducifolio,DE LAS VICTORIAS,"LARRAZABAL, AV. - FERNANDEZ DE LA CRUZ, FRANCISCO, GRAL., AV. - ROCA, CNEL., AV.",Salicáceas,Populus,Exótico,100232.438869,94112.758812
-58.4606372989,-34.6823212476,32,22,40,0,14,Álamo plateado,Populus alba,Árbol Latifoliado Caducifolio,DE LAS VICTORIAS,"LARRAZABAL, AV. - FERNANDEZ DE LA CRUZ, FRANCISCO, GRAL., AV. - ROCA, CNEL., AV.",Salicáceas,Populus,Exótico,100244.039453,94114.805974
-58.4605981219,-34.6823904768,33,22,40,0,14,Álamo plateado,Populus alba,Árbol Latifoliado Caducifolio,DE LAS VICTORIAS,"LARRAZABAL, AV. - FERNANDEZ DE LA CRUZ, FRANCISCO, GRAL., AV. - ROCA, CNEL., AV.",Salicáceas,Populus,Exótico,100247.621986,94107.129117
-58.4604678266,-34.682468899,34,22,40,0,14,Álamo plateado,Populus alba,Árbol Latifoliado Caducifolio,DE LAS VICTORIAS,"LARRAZABAL, AV. - FERNANDEZ DE LA CRUZ, FRANCISCO, GRAL., AV. - ROCA, CNEL., AV.",Salicáceas,Populus,Exótico,100259.563763,94098.428679
-58.4604156669,-34.6824227447,35,22,40,0,14,Álamo plateado,Populus alba,Árbol Latifoliado Caducifolio,DE LAS VICTORIAS,"LARRAZABAL, AV. - FERNANDEZ DE LA CRUZ, FRANCISCO, GRAL., AV. - ROCA, CNEL., AV.",Salicáceas,Populus,Exótico,100264.340474,94103.546584
-58.4602909382,-34.6824473514,36,22,40,0,14,Álamo plateado,Populus alba,Árbol Latifoliado Caducifolio,DE LAS VICTORIAS,"LARRAZABAL, AV. - FERNANDEZ DE LA CRUZ, FRANCISCO, GRAL., AV. - ROCA, CNEL., AV.",Salicáceas,Populus,Exótico,100275.77046,94100.817035
-58.4601811594,-34.6824719582,37,22,40,0,14,Álamo plateado,Populus alba,Árbol Latifoliado Caducifolio,DE LAS VICTORIAS,"LARRAZABAL, AV. - FERNANDEZ DE LA CRUZ, FRANCISCO, GRAL., AV. - ROCA, CNEL., AV.",Salicáceas,Populus,Exótico,100285.835672,94098.087486
-58.4601234312,-34.6825349671,38,22,40,0,14,Álamo plateado,Populus alba,Árbol Latifoliado Caducifolio,DE LAS VICTORIAS,"LARRAZABAL, AV. - FERNANDEZ DE LA CRUZ, FRANCISCO, GRAL., AV. - ROCA, CNEL., AV.",Salicáceas,Populus,Exótico,100291.124174,94091.093016
-58.4600750934,-34.6824119207,39,22,40,0,14,Álamo plateado,Populus alba,Árbol Latifoliado Caducifolio,DE LAS VICTORIAS,"LARRAZABAL, AV. - FERNANDEZ DE LA CRUZ, FRANCISCO, GRAL., AV. - ROCA, CNEL., AV.",Salicáceas,Populus,Exótico,100295.559691,94104.740762
-58.4600471551,-34.6824965645,40,22,40,0,14,Álamo plateado,Populus alba,Árbol Latifoliado Caducifolio,DE LAS VICTORIAS,"LARRAZABAL, AV. - FERNANDEZ DE LA CRUZ, FRANCISCO, GRAL., AV. - ROCA, CNEL., AV.",Salicáceas,Populus,Exótico,100298.118643,94095.357937
-58.45990933,-34.6825641687,41,22,40,0,14,Álamo plateado,Populus alba,Árbol Latifoliado Caducifolio,DE LAS VICTORIAS,"LARRAZABAL, AV. - FERNANDEZ DE LA CRUZ, FRANCISCO, GRAL., AV. - ROCA, CNEL., AV.",Salicáceas,Populus,Exótico,100310.742808,94087.851677
-58.4598386227,-34.6824273299,42,22,40,0,14,Álamo plateado,Populus alba,Árbol Latifoliado Caducifolio,DE LAS VICTORIAS,"LARRAZABAL, AV. - FERNANDEZ DE LA CRUZ, FRANCISCO, GRAL., AV. - ROCA, CNEL., AV.",Salicáceas,Populus,Exótico,100317.225487,94103.034793
-58.4595723562,-34.6825749777,43,22,40,0,14,Álamo plateado,Populus alba,Árbol Latifoliado Caducifolio,DE LAS VICTORIAS,"LARRAZABAL, AV. - FERNANDEZ DE LA CRUZ, FRANCISCO, GRAL., AV. - ROCA, CNEL., AV.",Salicáceas,Populus,Exótico,100341.620831,94086.657499
-58.4595556629,-34.6825072798,44,22,40,0,14,Álamo plateado,Populus alba,Árbol Latifoliado Caducifolio,DE LAS VICTORIAS,"LARRAZABAL, AV. - FERNANDEZ DE LA CRUZ, FRANCISCO, GRAL., AV. - ROCA, CNEL., AV.",Salicáceas,Populus,Exótico,100343.156203,94094.163759
-58.4594216556,-34.6826011152,45,22,40,0,14,Álamo plateado,Populus alba,Árbol Latifoliado Caducifolio,DE LAS VICTORIAS,"LARRAZABAL, AV. - FERNANDEZ DE LA CRUZ, FRANCISCO, GRAL., AV. - ROCA, CNEL., AV.",Salicáceas,Populus,Exótico,100355.439173,94083.757353
-58.4593099103,-34.6826687195,46,22,40,0,14,Álamo plateado,Populus alba,Árbol Latifoliado Caducifolio,DE LAS VICTORIAS,"LARRAZABAL, AV. - FERNANDEZ DE LA CRUZ, FRANCISCO, GRAL., AV. - ROCA, CNEL., AV.",Salicáceas,Populus,Exótico,100365.674982,94076.251093
-58.4592466205,-34.682624187,47,22,40,0,14,Álamo plateado,Populus alba,Árbol Latifoliado Caducifolio,DE LAS VICTORIAS,"LARRAZABAL, AV. - FERNANDEZ DE LA CRUZ, FRANCISCO, GRAL., AV. - ROCA, CNEL., AV.",Salicáceas,Populus,Exótico,100371.475274,94081.198401
-58.4627957517,-34.6790379826,48,21,50,0,14,Álamo plateado,Populus alba,Árbol Latifoliado Caducifolio,DE LAS VICTORIAS,"LARRAZABAL, AV. - FERNANDEZ DE LA CRUZ, FRANCISCO, GRAL., AV. - ROCA, CNEL., AV.",Salicáceas,Populus,Exótico,100046.232445,94479.030176
-58.4627827664,-34.6789527072,49,21,50,0,14,Álamo plateado,Populus alba,Árbol Latifoliado Caducifolio,DE LAS VICTORIAS,"LARRAZABAL, AV. - FERNANDEZ DE LA CRUZ, FRANCISCO, GRAL., AV. - ROCA, CNEL., AV.",Salicáceas,Populus,Exótico,100047.426622,94488.498299
-58.4627762194,-34.6791133422,50,21,50,0,14,Álamo plateado,Populus alba,Árbol Latifoliado Caducifolio,DE LAS VICTORIAS,"LARRAZABAL, AV. - FERNANDEZ DE LA CRUZ, FRANCISCO, GRAL., AV. - ROCA, CNEL., AV.",Salicáceas,Populus,Exótico,100048.023711,94470.670932
-58.4627278797,-34.6789288193,51,21,50,0,14,Álamo plateado,Populus alba,Árbol Latifoliado Caducifolio,DE LAS VICTORIAS,"LARRAZABAL, AV. - FERNANDEZ DE LA CRUZ, FRANCISCO, GRAL., AV. - ROCA, CNEL., AV.",Salicáceas,Populus,Exótico,100052.459228,94491.142549
-58.462690561,-34.6791902344,52,21,50,0,14,Álamo plateado,Populus alba,Árbol Latifoliado Caducifolio,DE LAS VICTORIAS,"LARRAZABAL, AV. - FERNANDEZ DE LA CRUZ, FRANCISCO, GRAL., AV. - ROCA, CNEL., AV.",Salicáceas,Populus,Exótico,100055.871165,94462.141091
-58.4626775758,-34.6792864171,53,21,50,0,14,Álamo plateado,Populus alba,Árbol Latifoliado Caducifolio,DE LAS VICTORIAS,"LARRAZABAL, AV. - FERNANDEZ DE LA CRUZ, FRANCISCO, GRAL., AV. - ROCA, CNEL., AV.",Salicáceas,Populus,Exótico,100057.065342,94451.47879
-58.4626561886,-34.6791080238,54,21,50,0,14,Álamo plateado,Populus alba,Árbol Latifoliado Caducifolio,DE LAS VICTORIAS,"LARRAZABAL, AV. - FERNANDEZ DE LA CRUZ, FRANCISCO, GRAL., AV. - ROCA, CNEL., AV.",Salicáceas,Populus,Exótico,100059.027206,94471.26802
-58.462632946,-34.6793801659,55,21,50,0,14,Álamo plateado,Populus alba,Árbol Latifoliado Caducifolio,DE LAS VICTORIAS,"LARRAZABAL, AV. - FERNANDEZ DE LA CRUZ, FRANCISCO, GRAL., AV. - ROCA, CNEL., AV.",Salicáceas,Populus,Exótico,100061.159666,94441.072384
-58.4626254166,-34.6795424235,56,21,50,0,14,Álamo plateado,Populus alba,Árbol Latifoliado Caducifolio,DE LAS VICTORIAS,"LARRAZABAL, AV. - FERNANDEZ DE LA CRUZ, FRANCISCO, GRAL., AV. - ROCA, CNEL., AV.",Salicáceas,Populus,Exótico,100061.842053,94423.07442
-58.462605884,-34.6797208168,57,21,50,0,14,Álamo plateado,Populus alba,Árbol Latifoliado Caducifolio,DE LAS VICTORIAS,"LARRAZABAL, AV. - FERNANDEZ DE LA CRUZ, FRANCISCO, GRAL., AV. - ROCA, CNEL., AV.",Salicáceas,Populus,Exótico,100063.63332,94403.285189
-58.4625835152,-34.679227193,58,21,50,0,14,Álamo plateado,Populus alba,Árbol Latifoliado Caducifolio,DE LAS VICTORIAS,"LARRAZABAL, AV. - FERNANDEZ DE LA CRUZ, FRANCISCO, GRAL., AV. - ROCA, CNEL., AV.",Salicáceas,Populus,Exótico,100065.680482,94458.046767
-58.4625816596,-34.6796201269,59,21,50,0,14,Álamo plateado,Populus alba,Árbol Latifoliado Caducifolio,DE LAS VICTORIAS,"LARRAZABAL, AV. - FERNANDEZ DE LA CRUZ, FRANCISCO, GRAL., AV. - ROCA, CNEL., AV.",Salicáceas,Populus,Exótico,100065.851078,94414.459281
-58.4625733667,-34.6794916729,60,21,50,0,14,Álamo plateado,Populus alba,Árbol Latifoliado Caducifolio,DE LAS VICTORIAS,"LARRAZABAL, AV. - FERNANDEZ DE LA CRUZ, FRANCISCO, GRAL., AV. - ROCA, CNEL., AV.",Salicáceas,Populus,Exótico,100066.618764,94428.704115
-58.4625668201,-34.679129568,61,21,50,0,14,Álamo plateado,Populus alba,Árbol Latifoliado Caducifolio,DE LAS VICTORIAS,"LARRAZABAL, AV. - FERNANDEZ DE LA CRUZ, FRANCISCO, GRAL., AV. - ROCA, CNEL., AV.",Salicáceas,Populus,Exótico,100067.215853,94468.879665
-58.4625654004,-34.6798184417,62,21,50,0,14,Álamo plateado,Populus alba,Árbol Latifoliado Caducifolio,DE LAS VICTORIAS,"LARRAZABAL, AV. - FERNANDEZ DE LA CRUZ, FRANCISCO, GRAL., AV. - ROCA, CNEL., AV.",Salicáceas,Populus,Exótico,100067.343801,94392.452291
-58.4625146616,-34.6789811022,63,21,50,0,14,Álamo plateado,Populus alba,Árbol Latifoliado Caducifolio,DE LAS VICTORIAS,"LARRAZABAL, AV. - FERNANDEZ DE LA CRUZ, FRANCISCO, GRAL., AV. - ROCA, CNEL., AV.",Salicáceas,Populus,Exótico,100071.992564,94485.342258
-58.4625109499,-34.6797008049,64,21,50,0,14,Álamo plateado,Populus alba,Árbol Latifoliado Caducifolio,DE LAS VICTORIAS,"LARRAZABAL, AV. - FERNANDEZ DE LA CRUZ, FRANCISCO, GRAL., AV. - ROCA, CNEL., AV.",Salicáceas,Populus,Exótico,100072.333757,94405.502948
-58.4602393096,-34.682896353,65,5,12,0,35,Acacia de constantinopla,Albizia julibrissin,Árbol Latifoliado Caducifolio,DE LAS VICTORIAS,"LARRAZABAL, AV. - FERNANDEZ DE LA CRUZ, FRANCISCO, GRAL., AV. - ROCA, CNEL., AV.",Leguminosas,Albizia,Exótico,100280.504522,94051.002765
-58.4601667411,-34.6829317778,66,5,12,0,35,Acacia de constantinopla,Albizia julibrissin,Árbol Latifoliado Caducifolio,DE LAS VICTORIAS,"LARRAZABAL, AV. - FERNANDEZ DE LA CRUZ, FRANCISCO, GRAL., AV. - ROCA, CNEL., AV.",Leguminosas,Albizia,Exótico,100287.157798,94047.079038
-58.4600773694,-34.682904102,67,5,12,0,35,Acacia de constantinopla,Albizia julibrissin,Árbol Latifoliado Caducifolio,DE LAS VICTORIAS,"LARRAZABAL, AV. - FERNANDEZ DE LA CRUZ, FRANCISCO, GRAL., AV. - ROCA, CNEL., AV.",Leguminosas,Albizia,Exótico,100295.346445,94050.149781
-58.4600512873,-34.682951697,68,5,12,0,35,Acacia de constantinopla,Albizia julibrissin,Árbol Latifoliado Caducifolio,DE LAS VICTORIAS,"LARRAZABAL, AV. - FERNANDEZ DE LA CRUZ, FRANCISCO, GRAL., AV. - ROCA, CNEL., AV.",Leguminosas,Albizia,Exótico,100297.7348,94044.861279
-58.4599619111,-34.6830609484,69,5,12,0,35,Acacia de constantinopla,Albizia julibrissin,Árbol Latifoliado Caducifolio,DE LAS VICTORIAS,"LARRAZABAL, AV. - FERNANDEZ DE LA CRUZ, FRANCISCO, GRAL., AV. - ROCA, CNEL., AV.",Leguminosas,Albizia,Exótico,100305.923448,94032.748905
-58.4599544948,-34.6829379029,70,5,12,0,35,Acacia de constantinopla,Albizia julibrissin,Árbol Latifoliado Caducifolio,DE LAS VICTORIAS,"LARRAZABAL, AV. - FERNANDEZ DE LA CRUZ, FRANCISCO, GRAL., AV. - ROCA, CNEL., AV.",Leguminosas,Albizia,Exótico,100306.605835,94046.396651
-58.4598632648,-34.6830055081,71,5,12,0,35,Acacia de constantinopla,Albizia julibrissin,Árbol Latifoliado Caducifolio,DE LAS VICTORIAS,"LARRAZABAL, AV. - FERNANDEZ DE LA CRUZ, FRANCISCO, GRAL., AV. - ROCA, CNEL., AV.",Leguminosas,Albizia,Exótico,100314.965079,94038.890391
-58.4598595524,-34.6830686082,72,5,12,0,35,Acacia de constantinopla,Albizia julibrissin,Árbol Latifoliado Caducifolio,DE LAS VICTORIAS,"LARRAZABAL, AV. - FERNANDEZ DE LA CRUZ, FRANCISCO, GRAL., AV. - ROCA, CNEL., AV.",Leguminosas,Albizia,Exótico,100315.306272,94031.895921
-58.4526844913,-34.6797612402,73,9,40,0,331,Acacia,Acacia sp.,No Determinado,DE LAS VICTORIAS,"LARRAZABAL, AV. - FERNANDEZ DE LA CRUZ, FRANCISCO, GRAL., AV. - ROCA, CNEL., AV.",Leguminosas,Acacia,No Determinado,100972.854413,94398.751478
-58.452574924,-34.6798521855,74,9,40,0,331,Acacia,Acacia sp.,No Determinado,DE LAS VICTORIAS,"LARRAZABAL, AV. - FERNANDEZ DE LA CRUZ, FRANCISCO, GRAL., AV. - ROCA, CNEL., AV.",Leguminosas,Acacia,No Determinado,100982.893241,94388.668426
-58.4537423544,-34.6792460644,75,8,20,0,59,Roble sedoso (Grevillea),Grevillea robusta,Árbol Latifoliado Perenne,DE LAS VICTORIAS,"LARRAZABAL, AV. - FERNANDEZ DE LA CRUZ, FRANCISCO, GRAL., AV. - ROCA, CNEL., AV.",Proteáceas,Grevillea,Exótico,100875.914236,94455.917366
-58.4537318825,-34.6792134318,76,8,20,0,59,Roble sedoso (Grevillea),Grevillea robusta,Árbol Latifoliado Perenne,DE LAS VICTORIAS,"LARRAZABAL, AV. - FERNANDEZ DE LA CRUZ, FRANCISCO, GRAL., AV. - ROCA, CNEL., AV.",Proteáceas,Grevillea,Exótico,100876.871643,94459.534237
-58.4536947806,-34.6792258688,77,8,20,0,59,Roble sedoso (Grevillea),Grevillea robusta,Árbol Latifoliado Perenne,DE LAS VICTORIAS,"LARRAZABAL, AV. - FERNANDEZ DE LA CRUZ, FRANCISCO, GRAL., AV. - ROCA, CNEL., AV.",Proteáceas,Grevillea,Exótico,100880.275757,94458.151315
-58.4526426513,-34.6792482322,78,7,20,0,35,Acacia de constantinopla,Albizia julibrissin,Árbol Latifoliado Caducifolio,DE LAS VICTORIAS,"LARRAZABAL, AV. - FERNANDEZ DE LA CRUZ, FRANCISCO, GRAL., AV. - ROCA, CNEL., AV.",Leguminosas,Albizia,Exótico,100976.696427,94455.667629
-58.4524680545,-34.6792983373,79,7,20,0,35,Acacia de constantinopla,Albizia julibrissin,Árbol Latifoliado Caducifolio,DE LAS VICTORIAS,"LARRAZABAL, AV. - FERNANDEZ DE LA CRUZ, FRANCISCO, GRAL., AV. - ROCA, CNEL., AV.",Leguminosas,Albizia,Exótico,100992.692392,94450.103815
-58.452468106,-34.6788798928,80,7,20,0,35,Acacia de constantinopla,Albizia julibrissin,Árbol Latifoliado Caducifolio,DE LAS VICTORIAS,"LARRAZABAL, AV. - FERNANDEZ DE LA CRUZ, FRANCISCO, GRAL., AV. - ROCA, CNEL., AV.",Leguminosas,Albizia,Exótico,100992.692392,94496.526886
-58.4524017634,-34.6788673574,81,7,20,0,35,Acacia de constantinopla,Albizia julibrissin,Árbol Latifoliado Caducifolio,DE LAS VICTORIAS,"LARRAZABAL, AV. - FERNANDEZ DE LA CRUZ, FRANCISCO, GRAL., AV. - ROCA, CNEL., AV.",Leguminosas,Albizia,Exótico,100998.777813,94497.91784
-58.4522954489,-34.6791306564,82,7,20,0,35,Acacia de constantinopla,Albizia julibrissin,Árbol Latifoliado Caducifolio,DE LAS VICTORIAS,"LARRAZABAL, AV. - FERNANDEZ DE LA CRUZ, FRANCISCO, GRAL., AV. - ROCA, CNEL., AV.",Leguminosas,Albizia,Exótico,101008.514487,94468.707817
-58.4522499433,-34.6791541799,83,7,20,0,35,Acacia de constantinopla,Albizia julibrissin,Árbol Latifoliado Caducifolio,DE LAS VICTORIAS,"LARRAZABAL, AV. - FERNANDEZ DE LA CRUZ, FRANCISCO, GRAL., AV. - ROCA, CNEL., AV.",Leguminosas,Albizia,Exótico,101012.687348,94466.099779
-58.4521834853,-34.6791901413,84,7,20,0,35,Acacia de constantinopla,Albizia julibrissin,Árbol Latifoliado Caducifolio,DE LAS VICTORIAS,"LARRAZABAL, AV. - FERNANDEZ DE LA CRUZ, FRANCISCO, GRAL., AV. - ROCA, CNEL., AV.",Leguminosas,Albizia,Exótico,101018.772769,94462.100788
-58.4521379799,-34.6792121323,85,7,20,0,35,Acacia de constantinopla,Albizia julibrissin,Árbol Latifoliado Caducifolio,DE LAS VICTORIAS,"LARRAZABAL, AV. - FERNANDEZ DE LA CRUZ, FRANCISCO, GRAL., AV. - ROCA, CNEL., AV.",Leguminosas,Albizia,Exótico,101022.945629,94459.66662
-58.4570109288,-34.6837482774,86,6,25,15,35,Acacia de constantinopla,Albizia julibrissin,Árbol Latifoliado Caducifolio,DE LAS VICTORIAS,"LARRAZABAL, AV. - FERNANDEZ DE LA CRUZ, FRANCISCO, GRAL., AV. - ROCA, CNEL., AV.",Leguminosas,Albizia,Exótico,100576.341752,93956.480617
-58.4569965275,-34.6837012221,87,6,25,15,35,Acacia de constantinopla,Albizia julibrissin,Árbol Latifoliado Caducifolio,DE LAS VICTORIAS,"LARRAZABAL, AV. - FERNANDEZ DE LA CRUZ, FRANCISCO, GRAL., AV. - ROCA, CNEL., AV.",Leguminosas,Albizia,Exótico,100577.667385,93961.700297
-58.4576356647,-34.6838312366,88,3,5,0,333,Arce,Acer sp.,No Determinado,DE LAS VICTORIAS,"LARRAZABAL, AV. - FERNANDEZ DE LA CRUZ, FRANCISCO, GRAL., AV. - ROCA, CNEL., AV.",Aceráceas,Acer,Exótico,100519.090981,93947.284039
-58.4576077304,-34.6838028404,89,3,5,0,333,Arce,Acer sp.,No Determinado,DE LAS VICTORIAS,"LARRAZABAL, AV. - FERNANDEZ DE LA CRUZ, FRANCISCO, GRAL., AV. - ROCA, CNEL., AV.",Aceráceas,Acer,Exótico,100521.659395,93950.432417
-58.4575832876,-34.6837819261,90,3,5,0,333,Arce,Acer sp.,No Determinado,DE LAS VICTORIAS,"LARRAZABAL, AV. - FERNANDEZ DE LA CRUZ, FRANCISCO, GRAL., AV. - ROCA, CNEL., AV.",Aceráceas,Acer,Exótico,100523.8964,93952.752275
-58.4575326563,-34.683737844,91,3,5,0,333,Arce,Acer sp.,No Determinado,DE LAS VICTORIAS,"LARRAZABAL, AV. - FERNANDEZ DE LA CRUZ, FRANCISCO, GRAL., AV. - ROCA, CNEL., AV.",Aceráceas,Acer,Exótico,100528.536116,93957.640546
-58.4553307721,-34.6783500579,92,9,22,20,35,Acacia de constantinopla,Albizia julibrissin,Árbol Latifoliado Caducifolio,DE LAS VICTORIAS,"LARRAZABAL, AV. - FERNANDEZ DE LA CRUZ, FRANCISCO, GRAL., AV. - ROCA, CNEL., AV.",Leguminosas,Albizia,Exótico,100730.357735,94555.322268
-58.4552207743,-34.678426132,93,9,22,20,35,Acacia de constantinopla,Albizia julibrissin,Árbol Latifoliado Caducifolio,DE LAS VICTORIAS,"LARRAZABAL, AV. - FERNANDEZ DE LA CRUZ, FRANCISCO, GRAL., AV. - ROCA, CNEL., AV.",Leguminosas,Albizia,Exótico,100740.435962,94546.884682
-58.4552181623,-34.678350051,94,9,22,20,35,Acacia de constantinopla,Albizia julibrissin,Árbol Latifoliado Caducifolio,DE LAS VICTORIAS,"LARRAZABAL, AV. - FERNANDEZ DE LA CRUZ, FRANCISCO, GRAL., AV. - ROCA, CNEL., AV.",Leguminosas,Albizia,Exótico,100740.67034,94555.322268
-58.4550238238,-34.6783437289,95,9,22,20,35,Acacia de constantinopla,Albizia julibrissin,Árbol Latifoliado Caducifolio,DE LAS VICTORIAS,"LARRAZABAL, AV. - FERNANDEZ DE LA CRUZ, FRANCISCO, GRAL., AV. - ROCA, CNEL., AV.",Leguminosas,Albizia,Exótico,100758.48302,94556.0254
-58.4548498898,-34.6783437178,96,9,22,20,35,Acacia de constantinopla,Albizia julibrissin,Árbol Latifoliado Caducifolio,DE LAS VICTORIAS,"LARRAZABAL, AV. - FERNANDEZ DE LA CRUZ, FRANCISCO, GRAL., AV. - ROCA, CNEL., AV.",Leguminosas,Albizia,Exótico,100774.420682,94556.0254
-58.4535990059,-34.6809296568,97,10,50,0,25,Palo borracho rosado,Ceiba speciosa,Árbol Latifoliado Caducifolio,DE LAS VICTORIAS,"LARRAZABAL, AV. - FERNANDEZ DE LA CRUZ, FRANCISCO, GRAL., AV. - ROCA, CNEL., AV.",Bombacáceas,Ceiba,Nativo/Autóctono,100889.031221,94269.147488
-58.4534200567,-34.6808408523,98,10,50,0,25,Palo borracho rosado,Ceiba speciosa,Árbol Latifoliado Caducifolio,DE LAS VICTORIAS,"LARRAZABAL, AV. - FERNANDEZ DE LA CRUZ, FRANCISCO, GRAL., AV. - ROCA, CNEL., AV.",Bombacáceas,Ceiba,Nativo/Autóctono,100905.437637,94278.991338
-58.4533279617,-34.6808112783,99,10,50,0,25,Palo borracho rosado,Ceiba speciosa,Árbol Latifoliado Caducifolio,DE LAS VICTORIAS,"LARRAZABAL, AV. - FERNANDEZ DE LA CRUZ, FRANCISCO, GRAL., AV. - ROCA, CNEL., AV.",Bombacáceas,Ceiba,Nativo/Autóctono,100913.875223,94282.272621
